round,norm,independence,balancement,test_loss,test_acc,train_acc,train_loss
1,BN,iid,balanced,2.070771342422765,0.26145623025288295,0.25184693697889643,1.3786068932215372
1,BN,noniid,balanced,2.569194439123828,0.12154655198284074,0.3629429308687648,1.4402855169524749
1,BN,noniid,unbalanced,2.9683765188876827,0.10293170493642727,0.30807090862555747,1.6548495954133216
1,GN,iid,balanced,2.2395513466138883,0.1748681434599156,0.14079247455199553,1.750052672425906
1,GN,noniid,balanced,2.718893672343548,0.10545886075949362,0.39858903366724646,2.144052596042554
1,GN,noniid,unbalanced,2.5813023440445524,0.10174709915611813,0.3184402934140518,2.298730368420523
2,BN,iid,balanced,1.9608097012861612,0.31910061316427535,0.45706155535380044,0.9969424016773701
2,BN,noniid,balanced,2.619026418358338,0.12003020177187029,0.2644677156552672,1.1960217081507047
2,BN,noniid,unbalanced,2.589956983516362,0.13124460050604753,0.2604350847926925,1.173636335215748
2,GN,iid,balanced,2.106601547943389,0.22290018459915606,0.2070058811267216,1.115813366472721
2,GN,noniid,balanced,2.6455216611990946,0.10348430907172997,0.2768801614940167,1.1770106535156566
2,GN,noniid,unbalanced,2.6873103809759087,0.113132911392405,0.2179713651047668,1.1937628365060722
3,BN,iid,balanced,1.8799735749646824,0.3542271954427563,0.600599854461352,0.8950906574726106
3,BN,noniid,balanced,2.4021045392901326,0.14357977983094203,0.2094549200887481,1.258789735312263
3,BN,noniid,unbalanced,2.449713992048793,0.1636186775102669,0.18172289389184257,1.2881001818264444
3,GN,iid,balanced,1.9644135093387167,0.29377307489451476,0.27626885685125985,1.057020773390929
3,GN,noniid,balanced,2.509186195321224,0.10433148734177213,0.1745862505614757,1.26866477056096
3,GN,noniid,unbalanced,2.4911195237928303,0.09972310126582278,0.1609002300302099,1.3076288513932608
4,BN,iid,balanced,1.8062507204691307,0.3834663832064695,0.660829290676117,0.8198469024896622
4,BN,noniid,balanced,2.385842376904522,0.13930103510520364,0.22581514861136673,1.2465149849404893
4,BN,noniid,unbalanced,2.4426947170997715,0.15671928405035132,0.24890811060755338,1.2438219262192949
4,GN,iid,balanced,1.889202626395326,0.3281480748945147,0.3139596796512603,1.0227993273735045
4,GN,noniid,balanced,2.4854441390258852,0.11515031645569618,0.21026827346930896,1.264655489474535
4,GN,noniid,unbalanced,2.590426581821361,0.11583267405063291,0.19960759957726748,1.2537099333624244
5,BN,iid,balanced,1.7982902062415818,0.39111735894486604,0.6852779255072274,0.7943432778120041
5,BN,noniid,balanced,2.455809209952751,0.13113911527398,0.23457300524363914,1.210103522563974
5,BN,noniid,unbalanced,2.579719716871212,0.13360153616005596,0.1890000529081268,1.217840556349125
5,GN,iid,balanced,1.8596768816815146,0.3461761603375528,0.359771236483256,0.9903041080137093
5,GN,noniid,balanced,2.6135156528859196,0.12794040084388186,0.22341886617292953,1.2314283720403907
5,GN,noniid,unbalanced,2.703971494099259,0.12856671940928263,0.2021826406190108,1.2023482683781133
6,BN,iid,balanced,1.7255531868173846,0.4117562038815749,0.7014632704416911,0.7660778121650219
6,BN,noniid,balanced,2.3609030792807464,0.14352374080140617,0.172284481871128,1.3215691845119
6,BN,noniid,unbalanced,2.3036986980582834,0.1753011669617437,0.2046550653252164,1.2887078428810292
6,GN,iid,balanced,1.784115014347849,0.38843947784810123,0.4034256002585092,0.9530457830429077
6,GN,noniid,balanced,2.3583010745953907,0.11517668776371308,0.15257857273817052,1.3019929938018322
6,GN,noniid,unbalanced,2.385964404480367,0.14317642405063288,0.1921045102777892,1.2956708820050242
7,BN,iid,balanced,1.686264450170193,0.4343168578900138,0.7216123363335928,0.7492810677488645
7,BN,noniid,balanced,2.479558099505644,0.16286379881828383,0.2414987415273984,1.2210584868987402
7,BN,noniid,unbalanced,2.356293468568269,0.18543104565372684,0.2767697575348003,1.1484620326386634
7,GN,iid,balanced,1.7506099834220823,0.3963244989451476,0.4433865374406178,0.9272826741139094
7,GN,noniid,balanced,2.4412843756534888,0.133293776371308,0.20518633151650423,1.2258760735392569
7,GN,noniid,unbalanced,2.557530615198964,0.12673391350210964,0.27364208587782873,1.175307685725244
8,BN,iid,balanced,1.6862251707092861,0.428703065695921,0.729240973520279,0.7379377329349518
8,BN,noniid,balanced,2.31420026754264,0.17565058679296738,0.18812679478973146,1.2536851957440376
8,BN,noniid,unbalanced,2.4758585825070796,0.16457463742587877,0.31553039309015585,1.0920730585025415
8,GN,iid,balanced,1.7183206960621764,0.416676555907173,0.47001840720176685,0.907268089801073
8,GN,noniid,balanced,2.357897563020891,0.14488396624472566,0.12025682405382386,1.2828679021199545
8,GN,noniid,unbalanced,2.6581415530498522,0.12672072784810123,0.2501552953962926,1.1647358424231118
9,BN,iid,balanced,1.6207370318263636,0.45568091379718684,0.7391635222434997,0.7253589342037836
9,BN,noniid,balanced,2.5105317293665825,0.15886524924022474,0.2899162613416711,1.1849987695117792
9,BN,noniid,unbalanced,2.4117163987425045,0.14401820282672262,0.27137830529286694,1.1948359375847786
9,GN,iid,balanced,1.685098131346803,0.424973628691983,0.5023403807481129,0.8845761193831763
9,GN,noniid,balanced,2.424689945389953,0.14155458860759493,0.24329359598855171,1.196278240084648
9,GN,noniid,unbalanced,2.514741465411609,0.11206487341772148,0.2850008697928202,1.169906486220884
10,BN,iid,balanced,1.6117329001249383,0.4605068631642754,0.7520361868222555,0.712486768613259
10,BN,noniid,balanced,2.381929041748182,0.15466891485203907,0.30928340369462964,1.161012233172854
10,BN,noniid,unbalanced,2.425459610392146,0.14363911527398,0.3294315615181417,1.1355664752377161
10,GN,iid,balanced,1.7033822107918655,0.4103606276371308,0.5345543714841207,0.8646284378568332
10,GN,noniid,balanced,2.5313578644382297,0.12857001582278477,0.26370846674243603,1.1622193101793528
10,GN,noniid,unbalanced,2.3958403790550395,0.14521690400843876,0.27667469510135184,1.219083604320918
11,BN,iid,balanced,1.5853465922596828,0.4734090256115328,0.7588305924733479,0.7059461376567682
11,BN,noniid,balanced,2.3488283928259257,0.15876635683516147,0.28633553191423416,1.148639063288768
11,BN,noniid,unbalanced,2.25745866397501,0.19544554987313612,0.31779952408704487,1.1237486733658748
11,GN,iid,balanced,1.6591389717432012,0.4265756856540084,0.5486644652048746,0.8554467236002287
11,GN,noniid,balanced,2.3782510566309036,0.13952399789029532,0.23634002251923072,1.188523886104425
11,GN,noniid,unbalanced,2.3609505689596824,0.15889372362869192,0.22867826407970196,1.2129051894081961
12,BN,iid,balanced,1.5645673920156324,0.4820785931220813,0.7736734449386597,0.6927035452922187
12,BN,noniid,balanced,2.2960426844950708,0.17887777561153276,0.3106800000175834,1.1606249160816273
12,BN,noniid,unbalanced,2.33380986073085,0.2128209454427564,0.32436708407562315,1.0299972877691106
12,GN,iid,balanced,1.6410288618083744,0.437559335443038,0.5829871567408244,0.8347417047123115
12,GN,noniid,balanced,2.330170823250139,0.14766613924050628,0.24424075002521273,1.1715477487444879
12,GN,noniid,unbalanced,2.4138299002426087,0.15595991561181433,0.2567201516601106,1.131083672961601
13,BN,iid,balanced,1.5051638626170805,0.4962729496621656,0.722915091641744,0.7219537750879924
13,BN,noniid,balanced,2.365183340429127,0.14817498025288298,0.30065710207919283,1.1628765124579268
13,BN,noniid,unbalanced,2.3306141502569235,0.1651712882697606,0.3269576902302456,1.1342542170199985
13,GN,iid,balanced,1.5742872582206244,0.47662513185654004,0.5734053948084514,0.817101186166207
13,GN,noniid,balanced,2.3464946920358685,0.1497692510548523,0.2798965055584907,1.1521905479331813
13,GN,noniid,unbalanced,2.349975821187225,0.17221453059071726,0.2774165698474455,1.2631287510985254
14,BN,iid,balanced,1.4900756918251001,0.5020383768773556,0.7520514513969422,0.6943471892674764
14,BN,noniid,balanced,2.3417879874015903,0.19560707413473954,0.2699158122604091,1.1621632341047128
14,BN,noniid,unbalanced,2.2065132673605325,0.22181356147651168,0.27816840234639234,1.1944906060719211
14,GN,iid,balanced,1.5589874363146752,0.47972705696202533,0.6012904075304667,0.7950195673604806
14,GN,noniid,balanced,2.3495532826029297,0.16734902426160334,0.22652680404037226,1.170156535158555
14,GN,noniid,unbalanced,2.2339479444902155,0.16782700421940924,0.21908904319955425,1.2762088536722664
15,BN,iid,balanced,1.4839345238705466,0.5037294370039379,0.7628594169298809,0.6890931868553162
15,BN,noniid,balanced,2.340952626343391,0.18084903088579438,0.3070283303335309,1.1756658038993677
15,BN,noniid,unbalanced,2.2194744508300395,0.21733703194064669,0.3756843683657574,1.0268135443068387
15,GN,iid,balanced,1.5385836308012533,0.4884427742616033,0.6056297124862671,0.7889641793072224
15,GN,noniid,balanced,2.298150825450189,0.1573806698312236,0.2616336646745602,1.1685058894256752
15,GN,noniid,unbalanced,2.223096969711127,0.1835607858649789,0.306497152693598,1.1437326228045765
16,BN,iid,balanced,1.4908095985347956,0.4975387724469759,0.7741334382375081,0.6818867896000546
16,BN,noniid,balanced,2.2663221214213696,0.21300884101237663,0.3783463529407978,1.1011441981792451
16,BN,noniid,unbalanced,2.2334345916981175,0.23394436316427536,0.33788642943938446,1.04329553081405
16,GN,iid,balanced,1.526018228359866,0.4907898206751054,0.6231885302861532,0.7785506587227186
16,GN,noniid,balanced,2.2614097805968822,0.19381263185654,0.28730984970132506,1.1564290753006936
16,GN,noniid,unbalanced,2.2682937382142754,0.1875791139240506,0.28177151087622,1.1006765266774439
17,BN,iid,balanced,1.480417080098943,0.4988540414343175,0.7775832857131958,0.6734493890653054
17,BN,noniid,balanced,2.284191793462268,0.19132503299549897,0.35243332251509035,1.0635151456296443
17,BN,noniid,unbalanced,2.1345806147804485,0.218517147974402,0.37342837466367906,1.0477583946061857
17,GN,iid,balanced,1.5289398328664434,0.48559796940928274,0.6330091575304667,0.7685305362939835
17,GN,noniid,balanced,2.2550590443711744,0.19255340189873416,0.27371744705984985,1.1260485889017582
17,GN,noniid,unbalanced,2.2082414489255173,0.1883867352320675,0.2643772299987606,1.139644496328215
18,BN,iid,balanced,1.4771105947699468,0.49969792329085766,0.7861525657653808,0.6673030782490968
18,BN,noniid,balanced,2.365264353804824,0.20441509101237662,0.40634540960341686,1.037285570303599
18,BN,noniid,unbalanced,2.1879428457935894,0.21845451611786182,0.4145325754519606,0.9968690669439408
18,GN,iid,balanced,1.5109300804037586,0.4891185390295359,0.6441680111885072,0.7619968143602213
18,GN,noniid,balanced,2.353235898893091,0.15922666139240502,0.3318354869981606,1.0595990653087695
18,GN,noniid,unbalanced,2.3465635876112345,0.16606671940928264,0.3325696466589319,1.066099635479243
19,BN,iid,balanced,1.4778933063160757,0.4965959981853724,0.7889473310152689,0.6635374325017134
19,BN,noniid,balanced,2.225060156611324,0.21712935789001375,0.34043933970530826,1.0774248960117498
19,BN,noniid,unbalanced,2.145245174247378,0.23355538637102644,0.4203579158352266,1.008220523810834
19,GN,iid,balanced,1.5050213975745415,0.4899887921940928,0.6442993424097697,0.7598416656255722
19,GN,noniid,balanced,2.213921084232974,0.18800105485232063,0.25123652914414796,1.1387314893802005
19,GN,noniid,unbalanced,2.260350801723416,0.1933115770042194,0.2770811345691632,1.101359821284058
20,BN,iid,balanced,1.4751407879137028,0.5005220266663851,0.7967241358121235,0.6506038013597331
20,BN,noniid,balanced,2.263057663251956,0.19718605620225002,0.41661435660819207,1.0437656214088202
20,BN,noniid,unbalanced,2.1281276083519427,0.226662585738115,0.4063223382907884,1.053954108965163
20,GN,iid,balanced,1.5075795127872678,0.4908128955696202,0.6594163052558898,0.7475295418997606
20,GN,noniid,balanced,2.3510289618737583,0.1703553533755274,0.3382444312473138,1.0849611656864484
20,GN,noniid,unbalanced,2.1931721728562303,0.20187895569620248,0.27644211989784023,1.1087507732813136
21,BN,iid,balanced,1.465439302591708,0.4999847112655413,0.7989450861612957,0.6508016389608384
21,BN,noniid,balanced,2.169161072192187,0.23329496970435973,0.3957008781929811,1.0169873622556527
21,BN,noniid,unbalanced,2.2362739398835316,0.19330617751026694,0.3773351761548854,1.0057165464274507
21,GN,iid,balanced,1.495242773078162,0.4939774525316456,0.6689055743535359,0.7376703077554702
21,GN,noniid,balanced,2.2110487514910315,0.18955036919831217,0.31084118951956424,1.0913718565801778
21,GN,noniid,unbalanced,2.233144473778045,0.21639636075949373,0.29976808993125853,1.0476641754604137
22,BN,iid,balanced,1.45703391363085,0.5002022745566804,0.8052235967953999,0.6454869490861893
22,BN,noniid,balanced,2.199149115007511,0.22352769649760876,0.38272988352626564,1.0203242367257672
22,BN,noniid,unbalanced,2.175271408349023,0.20924104037946525,0.41309517649557725,0.9934857792752841
22,GN,iid,balanced,1.4816649202556047,0.492728111814346,0.6847521526336671,0.7276206794381141
22,GN,noniid,balanced,2.1699581411317435,0.19988792194092828,0.263425825202465,1.0807240856687228
22,GN,noniid,unbalanced,2.1842788136961087,0.1913502109704641,0.2948170210873074,1.1031206177220712
23,BN,iid,balanced,1.4623912348851613,0.5009835245566805,0.8083191875457763,0.6506677971035242
23,BN,noniid,balanced,2.224447408590009,0.22604285999971843,0.36595860114643974,1.0655875323216122
23,BN,noniid,unbalanced,2.213850767634965,0.22614834523178592,0.462497687250756,0.9510310293238161
23,GN,iid,balanced,1.474841833114624,0.4980287447257384,0.6929617884635926,0.7231221335629622
23,GN,noniid,balanced,2.098959137216399,0.2144514767932489,0.25601180792301886,1.1272584880888463
23,GN,noniid,unbalanced,2.2119637034613375,0.2029305116033755,0.3368476265656253,1.05318316191015
24,BN,iid,balanced,1.4437979716363074,0.5080839992402247,0.6374663225809732,0.7836394035319487
24,BN,noniid,balanced,2.1344830295027304,0.22700211632883235,0.35973194915900625,1.0823014750083289
24,BN,noniid,unbalanced,2.1109274922366628,0.23123141485203913,0.3592525284985377,1.0611369984132006
24,GN,iid,balanced,1.4639133410614755,0.5054687499999999,0.5657547571500142,0.8096122089525064
24,GN,noniid,balanced,2.0886081381689148,0.205801687763713,0.26648302686860154,1.1367823242147763
24,GN,noniid,unbalanced,2.0971821139633406,0.2199894514767932,0.2903374023000909,1.1483090903123867
25,BN,iid,balanced,1.4415222515610946,0.5069302545144864,0.6432273681640625,0.7741212532420954
25,BN,noniid,balanced,2.3570011141253664,0.21637118278452852,0.3267672404557466,1.1395868405203027
25,BN,noniid,unbalanced,2.131161594775532,0.2128011669617437,0.36074672423371695,1.0887779681218994
25,GN,iid,balanced,1.459635617511685,0.5048556170886075,0.569262749004364,0.8019206099708875
25,GN,noniid,balanced,2.1161594572449536,0.20923325421940928,0.2713164505496621,1.1575146020452183
25,GN,noniid,unbalanced,2.078756071344207,0.2136702267932489,0.30662659316358604,1.1086565433762023
26,BN,iid,balanced,1.4256735998692636,0.5134538568351615,0.6290106389681498,0.7714653114477793
26,BN,noniid,balanced,2.119129794491368,0.2312248220250349,0.33968996807932844,1.1129491126537325
26,BN,noniid,unbalanced,2.037917249345955,0.24759810789001377,0.3565096281824531,1.1176862844311541
26,GN,iid,balanced,1.456327512998621,0.5075356012658229,0.5683364741961162,0.7969240516920886
26,GN,noniid,balanced,2.0724025151900602,0.21730946729957804,0.24592425373395277,1.164989086041848
26,GN,noniid,unbalanced,2.048012284035421,0.24632120253164555,0.2867165446857349,1.1358143894820054
27,BN,iid,balanced,1.4291249466670457,0.5141065467085791,0.6388903080622356,0.7607354127367337
27,BN,noniid,balanced,2.105239921815661,0.24285786527398,0.4361209125310183,0.9831480175505081
27,BN,noniid,unbalanced,2.08390099145428,0.2745528810967648,0.43684018153612975,1.0564379776740056
27,GN,iid,balanced,1.4568164515344406,0.5081948839662448,0.571724809328715,0.7895865961412589
27,GN,noniid,balanced,2.0915789714845423,0.2100441719409282,0.32301050544083115,1.0599397060771782
27,GN,noniid,unbalanced,2.0520335100371123,0.23812631856540087,0.3619199946923762,1.0927629120881652
28,BN,iid,balanced,1.4196767173058618,0.5143867418562585,0.6334637638409933,0.7672502821187178
28,BN,noniid,balanced,2.332265867092815,0.22023787582250323,0.39149402677218115,1.0402278561890126
28,BN,noniid,unbalanced,2.05652352242769,0.23678916801659602,0.3622266349407724,1.0777448162792413
28,GN,iid,balanced,1.4458791691542678,0.510067246835443,0.5658180655479431,0.7928193282584349
28,GN,noniid,balanced,2.101219512842879,0.20404469936708855,0.3118521005252996,1.1075437464813391
28,GN,noniid,unbalanced,2.058449494134525,0.23605617088607592,0.29543485351139703,1.1020474655144425
29,BN,iid,balanced,1.4086781792322534,0.5191203916452881,0.6317582591056824,0.7694327809909979
29,BN,noniid,balanced,2.2514038729087957,0.20239768594908547,0.37136404289156194,1.0505376654366652
29,BN,noniid,unbalanced,2.148189927739306,0.25401952139212347,0.46209919381321135,1.0105393781631935
29,GN,iid,balanced,1.4464164105145743,0.5114220727848101,0.5660973398844401,0.7954637735585371
29,GN,noniid,balanced,2.1337390480665217,0.19622231012658223,0.3077065363978346,1.1117166667679943
29,GN,noniid,unbalanced,2.0766461145525743,0.23474749472573841,0.36126987839437996,1.0826236713354158
30,BN,iid,balanced,1.406372768750547,0.5186259296199717,0.63104637854894,0.7698116990427176
30,BN,noniid,balanced,2.3238277838525634,0.22431883573811504,0.36910784702499705,1.069041272153457
30,BN,noniid,unbalanced,2.2741695797215775,0.24781237476765092,0.3880357232065714,1.0151059890736633
30,GN,iid,balanced,1.4572494953745025,0.5065236023206751,0.5631768566449483,0.7966993609567483
30,GN,noniid,balanced,2.1133397589755964,0.19620582805907172,0.2864069229066371,1.147283196548621
30,GN,noniid,unbalanced,2.089339188835289,0.23005999472573835,0.30424680504463736,1.0704315903963464
31,BN,iid,balanced,1.4086648288229588,0.5180424644300982,0.6328279879570008,0.763719740609328
31,BN,noniid,balanced,2.1045962690626765,0.25530182624444414,0.36869140468488143,1.0274722018341222
31,BN,noniid,unbalanced,2.1702340483488154,0.24340506991533017,0.4159645976339624,1.0567377339558106
31,GN,iid,balanced,1.4306180745237487,0.5131032436708861,0.5682233274141948,0.7843718685209753
31,GN,noniid,balanced,2.072107675306908,0.21806104957805905,0.24598688859790555,1.123135510981083
31,GN,noniid,unbalanced,2.0530563478731403,0.2506955432489451,0.3064801846241194,1.1165636694787484
32,BN,iid,balanced,1.396187728927482,0.5223970266663852,0.633626973025004,0.7730583788951239
32,BN,noniid,balanced,2.1260048504945837,0.2236925171727142,0.3472862772146861,1.062731328755617
32,BN,noniid,unbalanced,2.098089279285839,0.255957812531364,0.3959697832806485,1.0112011854999425
32,GN,iid,balanced,1.4394921090029464,0.5116363396624473,0.5696464152971904,0.7924765359361968
32,GN,noniid,balanced,2.101950412561119,0.19389174578059068,0.29211857835700106,1.1299809806545575
32,GN,noniid,unbalanced,2.0798343324963056,0.23533095991561181,0.3214153518741349,1.0894788932840538
33,BN,iid,balanced,1.3963392348051817,0.5206861880587902,0.6359738662719726,0.7620496005316575
33,BN,noniid,balanced,2.105427869394735,0.2409162777212374,0.38947287935266894,1.040091638614734
33,BN,noniid,unbalanced,2.0740815272133806,0.2671886933330518,0.34492222775818077,1.0729664134526111
33,GN,iid,balanced,1.429279386846325,0.5125659282700422,0.5686280956904094,0.8012000111738841
33,GN,noniid,balanced,2.0538450186765647,0.22350013185654002,0.2523067072749137,1.1821380237241585
33,GN,noniid,unbalanced,2.069781943011384,0.2402393196202531,0.30029476994316706,1.0853929104454105
34,BN,iid,balanced,1.39766580920921,0.521012532995499,0.6338498984972637,0.7668389407793681
34,BN,noniid,balanced,2.182111823893171,0.23376635683516148,0.45780935500959563,0.9671895082791645
34,BN,noniid,unbalanced,2.1213952580910433,0.2614166732908576,0.40457008796541977,1.043863112745863
34,GN,iid,balanced,1.4310415825763332,0.5126153744725738,0.5723197270393371,0.8029119827349979
34,GN,noniid,balanced,2.0888033272344857,0.2154371044303797,0.33016230997542534,1.1000611575941246
34,GN,noniid,unbalanced,2.0825695399493607,0.2338706487341772,0.3126375839814694,1.0646284641430837
35,BN,iid,balanced,1.4003114119937894,0.5208180445988746,0.5454303587913513,0.839115067521731
35,BN,noniid,balanced,2.1498045350754555,0.21945662582250322,0.3671518040657043,1.0709993182619413
35,BN,noniid,unbalanced,2.1726273219116368,0.2633318895355834,0.3002453373479779,1.1746974489597417
35,GN,iid,balanced,1.4252351279500164,0.5166304061181436,0.5455390160878499,0.8097312679390113
35,GN,noniid,balanced,2.0745865481312262,0.220404799578059,0.273421335319678,1.1817759456237156
35,GN,noniid,unbalanced,2.0383355478697185,0.23923391350210965,0.3053645452591122,1.1711777265622187
36,BN,iid,balanced,1.3904546389925574,0.5239463410123767,0.5477902722994487,0.8247715081274509
36,BN,noniid,balanced,2.1038328695220527,0.23695728510520364,0.3385558091705043,1.1678547556698322
36,BN,noniid,unbalanced,2.019270095777285,0.2518867418562585,0.3862427197544563,1.0775815667377575
36,GN,iid,balanced,1.419315994993041,0.5184302478902953,0.5541462355295818,0.8161658021310966
36,GN,noniid,balanced,2.0642101816487215,0.22339794303797467,0.20642533147186035,1.2607756472627323
36,GN,noniid,unbalanced,2.0250274717053283,0.25017141350210964,0.3204090996844892,1.1289796820488756
37,BN,iid,balanced,1.3975680908144519,0.5214542524047817,0.5368512006441752,0.8526529503365358
37,BN,noniid,balanced,2.0759445547377253,0.2507659612655411,0.2849229958598812,1.1707989494502546
37,BN,noniid,unbalanced,2.005703897247208,0.2745133241347395,0.39777138753559277,1.102311382026992
37,GN,iid,balanced,1.419091749140985,0.5177775580168776,0.5517988931973775,0.8167585923771062
37,GN,noniid,balanced,2.0373479513176385,0.23104562236286916,0.24270002629359558,1.295733989228805
37,GN,noniid,unbalanced,1.9993371221586618,0.26011669303797463,0.3098657412991143,1.1811558372948483
38,BN,iid,balanced,1.3922491744423457,0.5233859507170181,0.5451041640917461,0.8367353511353336
38,BN,noniid,balanced,2.074725441321416,0.2509769317296762,0.3082630644132693,1.197542048046986
38,BN,noniid,unbalanced,2.0197641971567752,0.2580741099997184,0.33077050928618656,1.1387973717294444
38,GN,iid,balanced,1.4195859464663494,0.5174281381856539,0.550814698378245,0.8142377442121506
38,GN,noniid,balanced,2.024532978997452,0.23759889240506327,0.2603217034449179,1.2872952992220719
38,GN,noniid,unbalanced,2.0144271670011533,0.2506164293248945,0.27191149980211865,1.176464865074899
39,BN,iid,balanced,1.3907609066705404,0.5227563357381152,0.545801452032725,0.8385518841942151
39,BN,noniid,balanced,2.050334045235491,0.2726706289870602,0.32314048871696,1.1854129902025063
39,BN,noniid,unbalanced,2.0063372194841183,0.2797051754005622,0.3471571885582067,1.107925246535686
39,GN,iid,balanced,1.430340206924873,0.5144679588607595,0.5503331511815389,0.8218238004048666
39,GN,noniid,balanced,2.0221462864916036,0.24945609177215186,0.23999101949731502,1.2964662788808348
39,GN,noniid,unbalanced,2.003936255028479,0.26007713607594934,0.31115094425987894,1.1618912121270133
40,BN,iid,balanced,1.3882270610104877,0.5232442049364273,0.5417656677246093,0.8517939110596974
40,BN,noniid,balanced,2.166964641686104,0.24887711632883236,0.35600821553170675,1.1936427862942216
40,BN,noniid,unbalanced,2.009392762669404,0.27758558151870577,0.3763807947540725,1.1625779449332645
40,GN,iid,balanced,1.4201379736264548,0.5168215981012657,0.5497077033042908,0.8256819133460521
40,GN,noniid,balanced,2.0406618230956517,0.22905458860759495,0.2550294083928068,1.2729921941955882
40,GN,noniid,unbalanced,2.0216631013129835,0.25303270042194087,0.3484854577196968,1.1937347929676374
41,BN,iid,balanced,1.3887157418379543,0.5234980287760899,0.5322438464482625,0.8691463518639407
41,BN,noniid,balanced,2.1023554355106016,0.25082529670857917,0.34437410072584945,1.1377038800219696
41,BN,noniid,unbalanced,2.056506685196975,0.27212012793220786,0.37603638050064586,1.1149177796824568
41,GN,iid,balanced,1.4193802943209555,0.5170787183544304,0.5404858099619548,0.8280589012801647
41,GN,noniid,balanced,2.048020801111616,0.23070609177215187,0.27330055577258267,1.245268718202909
41,GN,noniid,unbalanced,2.0062574386596683,0.26136603375527423,0.31356952998300475,1.1463185704952015
42,BN,iid,balanced,1.3968542727059694,0.5213784348942333,0.5333214328447978,0.855537918061018
42,BN,noniid,balanced,2.120684537034874,0.24512250134992938,0.3867638728529215,1.11511551151673
42,BN,noniid,unbalanced,2.020745547544477,0.2730925699153302,0.3937215059619201,1.170265656973709
42,GN,iid,balanced,1.4232196569694244,0.5137262658227848,0.5417153803507487,0.8335068733990193
42,GN,noniid,balanced,2.047189163105397,0.2396327795358649,0.2917147081171472,1.2402811525265376
42,GN,noniid,unbalanced,1.999258467316124,0.2579970991561181,0.3272411047563218,1.178466083153821
43,BN,iid,balanced,1.3938783306183937,0.5224959190714483,0.542627511660258,0.8444825761516889
43,BN,noniid,balanced,2.0243833497429438,0.25402941063262985,0.3454660547494888,1.1968483062585193
43,BN,noniid,unbalanced,2.015217890248896,0.2961971321516171,0.36503281960484385,1.1131783890220932
43,GN,iid,balanced,1.4123892057042584,0.5162315400843882,0.54605468527476,0.8296165351569652
43,GN,noniid,balanced,2.042071126332263,0.2348200158227848,0.29764143211791905,1.3263467768828072
43,GN,noniid,unbalanced,1.9843914296053635,0.2690466772151899,0.31432136904677804,1.1354170510660715
44,BN,iid,balanced,1.3921480738235168,0.5209037513499294,0.5383243512153626,0.8587511645257472
44,BN,noniid,balanced,2.093960373293372,0.24346110894486608,0.3360329102843999,1.179704473117987
44,BN,noniid,unbalanced,2.0017915969482196,0.2553479760334737,0.3413728623962781,1.0811511277258394
44,GN,iid,balanced,1.4197578150763288,0.5157964135021097,0.5420249622980753,0.832317330489556
44,GN,noniid,balanced,2.0760989408452803,0.2203124999999999,0.2794665937945246,1.2905376186966897
44,GN,noniid,unbalanced,1.980391554792219,0.27394185126582277,0.32352586411606216,1.1541987590718839
45,BN,iid,balanced,1.397479224036388,0.5212828389026721,0.5398509319941203,0.8489126953482629
45,BN,noniid,balanced,2.159191065832909,0.23854945282672266,0.3942629741902153,1.1334213030338287
45,BN,noniid,unbalanced,2.0263759428261445,0.25133624080140615,0.39899097420336704,1.1065801759489946
45,GN,iid,balanced,1.4164311792277082,0.5156019251054852,0.5422348669687906,0.8363059994578362
45,GN,noniid,balanced,2.038527356069299,0.23238066983122363,0.30415499169776833,1.3011835899452369
45,GN,noniid,unbalanced,2.020644454513421,0.25848826476793246,0.35983112827463754,1.1522609130754355
46,BN,iid,balanced,1.397533051406657,0.520142279830942,0.5189444129308064,0.8815687670310339
46,BN,noniid,balanced,2.151974422400887,0.26320003299549904,0.32569930791854856,1.1716767005125681
46,BN,noniid,unbalanced,2.0106963190674016,0.26329892540056227,0.2914538252476801,1.1254656365529108
46,GN,iid,balanced,1.421913984505939,0.5131988396624473,0.5353573975880941,0.8570218654473623
46,GN,noniid,balanced,2.033968244775941,0.23355748945147678,0.26007745123207565,1.2716063644985356
46,GN,noniid,unbalanced,1.9970701005891407,0.2664754746835443,0.2834060215836479,1.1892148733511219
47,BN,iid,balanced,1.3925878579429174,0.5222289095777775,0.5225541025479634,0.8731179840366045
47,BN,noniid,balanced,2.1353623739600422,0.2296458399575243,0.28694594021489217,1.1834695547322431
47,BN,noniid,unbalanced,2.043120697009789,0.25577650978874794,0.2929308515051527,1.2300023313481658
47,GN,iid,balanced,1.4161979076480062,0.5136174841772152,0.541938979848226,0.8489618476728599
47,GN,noniid,balanced,2.0278586844854716,0.2313620780590717,0.2549770999342203,1.202109482785066
47,GN,noniid,unbalanced,2.0002377288753976,0.2662348364978902,0.24189963786067462,1.2681246039365968
48,BN,iid,balanced,1.401466536730527,0.5202642471305201,0.521003500175476,0.8812878000736236
48,BN,noniid,balanced,2.0827356073246475,0.264370259788748,0.25889861652255053,1.2061626872420312
48,BN,noniid,unbalanced,2.250881307972508,0.26686564480984504,0.3408039638375333,1.1922410439149511
48,GN,iid,balanced,1.4188368238477265,0.5129450158227847,0.5352855575879415,0.8561234244704247
48,GN,noniid,balanced,2.0232074951823757,0.23498154008438812,0.19517533144454155,1.2725237534443536
48,GN,noniid,unbalanced,1.9859439639602534,0.27068169831223626,0.3211167395413286,1.2486661619864974
49,BN,iid,balanced,1.4002241194070886,0.5186555973414907,0.5188072450637816,0.8908915955821674
49,BN,noniid,balanced,2.0698100647668536,0.27965572919803067,0.2880913247118393,1.2025765690704184
49,BN,noniid,unbalanced,2.1037698204832984,0.2680556500841066,0.32623584094737074,1.189870072369687
49,GN,iid,balanced,1.4182857636660966,0.5129582014767933,0.5341224382082621,0.8490277967850367
49,GN,noniid,balanced,2.0253595454280386,0.23469804852320675,0.19264277951071654,1.279355622579654
49,GN,noniid,unbalanced,1.9872906052613564,0.26604034810126576,0.29994161028384464,1.2108398360677028
50,BN,iid,balanced,1.3955557165592272,0.5195027756115328,0.520850841585795,0.8878434465328852
50,BN,noniid,balanced,2.071040719101071,0.28283017540056227,0.34909033650954563,1.1847695808609326
50,BN,noniid,unbalanced,2.1274427008853927,0.2635131922781994,0.33032958268456986,1.186946934941742
50,GN,iid,balanced,1.425032831143729,0.5105287447257384,0.5402002489089965,0.8533020413915317
50,GN,noniid,balanced,2.0258845731175903,0.23650118670886078,0.25652231413225324,1.2720235366125905
50,GN,noniid,unbalanced,1.9851540840627775,0.26823905590717295,0.2706895705302555,1.2119975356923207
